{"cpu_time": 0.0, "wallclock_time": 0.02122211456298828, "evaluations": 0, "cost": 2147483648.0, "incumbent": ["alpha='4.6909356296798235'", "ants='50'", "beta='9.660321509942506'", "elitistants='620'", "localsearch='1'", "rho='0.9307106389687687'", "dlb='1'", "nnls='35'"], "origin": "Random initial design."}
{"cpu_time": 7.628927946090698, "wallclock_time": 7.698227167129517, "evaluations": 1, "cost": 0.051, "incumbent": ["alpha='4.6909356296798235'", "ants='50'", "beta='9.660321509942506'", "elitistants='620'", "localsearch='1'", "rho='0.9307106389687687'", "dlb='1'", "nnls='35'"], "origin": "Random initial design."}
{"cpu_time": 11.18480396270752, "wallclock_time": 11.309597253799438, "evaluations": 4, "cost": 0.0, "incumbent": ["alpha='7.549531688595925'", "ants='85'", "beta='3.1926625398301542'", "elitistants='658'", "localsearch='1'", "rho='0.40282573270687994'", "dlb='0'", "nnls='15'"], "origin": "Random initial design."}
