{"cpu_time": 0.0, "wallclock_time": 0.0025980472564697266, "evaluations": 0, "cost": 2147483648.0, "incumbent": {"alpha": 4.6909356296798235, "ants": 50, "beta": 9.660321509942506, "elitistants": 620, "localsearch": 1, "rho": 0.9307106389687687, "dlb": 1, "nnls": 35}, "budget": 0, "origin": "Random initial design."}
{"cpu_time": 2.258852958679199, "wallclock_time": 2.278653860092163, "evaluations": 1, "cost": 0.0, "incumbent": {"alpha": 4.6909356296798235, "ants": 50, "beta": 9.660321509942506, "elitistants": 620, "localsearch": 1, "rho": 0.9307106389687687, "dlb": 1, "nnls": 35}, "budget": 0, "origin": "Random initial design."}
