{"cpu_time": 0.0, "wallclock_time": 0.0027360916137695312, "evaluations": 0, "cost": 2147483648.0, "incumbent": ["alpha='2.756157096481949'", "ants='19'", "beta='9.696135884556755'", "elitistants='488'", "localsearch='3'", "rho='0.23539731693923316'", "dlb='1'", "nnls='26'"], "origin": "Random initial design."}
{"cpu_time": 5.031105041503906, "wallclock_time": 5.048018932342529, "evaluations": 1, "cost": 0.0126, "incumbent": ["alpha='2.756157096481949'", "ants='19'", "beta='9.696135884556755'", "elitistants='488'", "localsearch='3'", "rho='0.23539731693923316'", "dlb='1'", "nnls='26'"], "origin": "Random initial design."}
{"cpu_time": 5.0448760986328125, "wallclock_time": 5.065830230712891, "evaluations": 2, "cost": 0.0, "incumbent": ["alpha='8.83281549547469'", "ants='80'", "beta='5.154204244985693'", "elitistants='553'", "localsearch='1'", "rho='0.502023176434113'", "dlb='1'", "nnls='37'"], "origin": "Random initial design."}
