{"cpu_time": 0.0, "wallclock_time": 0.001750946044921875, "evaluations": 0, "cost": 2147483648.0, "incumbent": ["N='21'", "c_0='1'", "p_c='0.3510616264195509'", "p_m='0.43468874695304377'"], "origin": "Random initial design."}
{"cpu_time": 0.008858919143676758, "wallclock_time": 0.01709270477294922, "evaluations": 1, "cost": 0.0, "incumbent": ["N='21'", "c_0='1'", "p_c='0.3510616264195509'", "p_m='0.43468874695304377'"], "origin": "Random initial design."}
