{"cpu_time": 0.0, "wallclock_time": 0.0031642913818359375, "evaluations": 0, "cost": 2147483648.0, "incumbent": ["alpha='4.6909356296798235'", "ants='50'", "beta='9.660321509942506'", "elitistants='620'", "localsearch='1'", "rho='0.9307106389687687'", "dlb='1'", "nnls='35'"], "origin": "Random initial design."}
{"cpu_time": 0.05101323127746582, "wallclock_time": 0.07703399658203125, "evaluations": 1, "cost": 0.0, "incumbent": ["alpha='4.6909356296798235'", "ants='50'", "beta='9.660321509942506'", "elitistants='620'", "localsearch='1'", "rho='0.9307106389687687'", "dlb='1'", "nnls='35'"], "origin": "Random initial design."}
