{"submitted_ta_runs": 5000, "finished_ta_runs": 5000, "n_configs": 279, "wallclock_time_used": 3088.1987628936768, "ta_time_used": 137.60161018371582, "inc_changed": 13, "_n_configs_per_intensify": 371, "_n_calls_of_intensify": 26, "_ema_n_configs_per_intensifiy": 14.763898103053773, "_EMA_ALPHA": 0.2}