{"cpu_time": 0.0, "wallclock_time": 0.0030930042266845703, "evaluations": 0, "cost": 2147483648.0, "incumbent": {"N": 10, "c_0": 1, "p_c": 0.7280992732702047, "p_m": 0.5432687756085022}, "budget": 0, "origin": "Random initial design."}
{"cpu_time": 0.01852703094482422, "wallclock_time": 0.03618311882019043, "evaluations": 1, "cost": 223.0, "incumbent": {"N": 10, "c_0": 1, "p_c": 0.7280992732702047, "p_m": 0.5432687756085022}, "budget": 0, "origin": "Random initial design."}
{"cpu_time": 0.15701627731323242, "wallclock_time": 0.20823287963867188, "evaluations": 6, "cost": 120.0, "incumbent": {"N": 13, "c_0": 1, "p_c": 0.18725560482706258, "p_m": 0.7346611776315359}, "budget": 0, "origin": "Random initial design."}
{"cpu_time": 0.21406149864196777, "wallclock_time": 0.27807188034057617, "evaluations": 8, "cost": 119.0, "incumbent": {"N": 43, "c_0": 1, "p_c": 0.5706545025527019, "p_m": 0.5749728373620534}, "budget": 0, "origin": "Random initial design."}
{"cpu_time": 0.3119852542877197, "wallclock_time": 0.4064369201660156, "evaluations": 12, "cost": 93.5, "incumbent": {"N": 33, "c_0": 1, "p_c": 0.9275560496405284, "p_m": 0.6633441053774533}, "budget": 0, "origin": "Random initial design."}
{"cpu_time": 0.7212443351745605, "wallclock_time": 0.9209327697753906, "evaluations": 24, "cost": 58.5, "incumbent": {"N": 17, "c_0": 2, "p_c": 0.2918730275053886, "p_m": 0.6139175972112566}, "budget": 0, "origin": "Random initial design."}
{"cpu_time": 0.8561112880706787, "wallclock_time": 1.1161317825317383, "evaluations": 30, "cost": 24.5, "incumbent": {"N": 34, "c_0": 1, "p_c": 0.05472470576275216, "p_m": 0.7096578401873821}, "budget": 0, "origin": "Random initial design."}
{"cpu_time": 1.1999478340148926, "wallclock_time": 1.58073091506958, "evaluations": 42, "cost": 24.0, "incumbent": {"N": 31, "c_0": 2, "p_c": 0.1507639853946501, "p_m": 0.7254611182284678}, "budget": 0, "origin": "Random initial design."}
{"cpu_time": 1.3255319595336914, "wallclock_time": 1.7832329273223877, "evaluations": 48, "cost": 22.5, "incumbent": {"N": 22, "c_0": 2, "p_c": 0.8281811595034966, "p_m": 0.17751393263650794}, "budget": 0, "origin": "Random initial design."}
{"cpu_time": 20.168756246566772, "wallclock_time": 63.38658690452576, "evaluations": 691, "cost": 141.2533, "incumbent": {"N": 25, "c_0": 1, "p_c": 0.0526446766576559, "p_m": 0.6262157655222674}, "budget": 0, "origin": "Local Search"}
{"cpu_time": 21.778360605239868, "wallclock_time": 76.89998483657837, "evaluations": 766, "cost": 132.0933, "incumbent": {"N": 42, "c_0": 1, "p_c": 0.0547294978055732, "p_m": 0.7092390456593671}, "budget": 0, "origin": "Local Search"}
{"cpu_time": 27.997180938720703, "wallclock_time": 170.55404686927795, "evaluations": 1040, "cost": 119.44, "incumbent": {"N": 29, "c_0": 2, "p_c": 0.5663133261722484, "p_m": 0.34993149138918445}, "budget": 0, "origin": "Random Search"}
{"cpu_time": 103.74817872047424, "wallclock_time": 1777.2373597621918, "evaluations": 3554, "cost": 116.3467, "incumbent": {"N": 13, "c_0": 2, "p_c": 0.8591980579450168, "p_m": 0.4879105998545414}, "budget": 0, "origin": "Local Search"}
{"cpu_time": 127.46031737327576, "wallclock_time": 2576.6394560337067, "evaluations": 4551, "cost": 110.8667, "incumbent": {"N": 14, "c_0": 2, "p_c": 0.8163467618090567, "p_m": 0.4892805517131518}, "budget": 0, "origin": "Local Search"}
