{
  "data": [
    [
      [
        1,
        "../InstanciasNKLandscapes/Instances-Training/nk_2_20/nk_20_2.1",
        423734972,
        0.0
      ],
      [
        2147483647.0,
        0.007433891296386719,
        {
          "__enum__": "StatusType.CRASHED"
        },
        1650045403.8396559,
        1650045403.847166,
        {}
      ]
    ]
  ],
  "config_origins": {
    "1": "Random initial design."
  },
  "configs": {
    "1": {
      "N": 21,
      "c_0": 1,
      "p_c": 0.3510616264195509,
      "p_m": 0.43468874695304377
    }
  }
}