{"cpu_time": 0.0, "wallclock_time": 0.0030651092529296875, "evaluations": 0, "cost": 2147483648.0, "incumbent": {"N": 40, "c_0": 2, "p_c": 0.09641752848199561, "p_m": 0.7663391093396702}, "budget": 0, "origin": "Random initial design."}
{"cpu_time": 0.04294610023498535, "wallclock_time": 0.06649494171142578, "evaluations": 1, "cost": 115.0, "incumbent": {"N": 40, "c_0": 2, "p_c": 0.09641752848199561, "p_m": 0.7663391093396702}, "budget": 0, "origin": "Random initial design."}
{"cpu_time": 0.5563445091247559, "wallclock_time": 0.6884238719940186, "evaluations": 16, "cost": 30.0, "incumbent": {"N": 37, "c_0": 1, "p_c": 0.5127570373926384, "p_m": 0.5226267126159393}, "budget": 0, "origin": "Random initial design."}
{"cpu_time": 0.8677263259887695, "wallclock_time": 1.0940308570861816, "evaluations": 26, "cost": 11.0, "incumbent": {"N": 48, "c_0": 1, "p_c": 0.6298563378958968, "p_m": 0.1376681819442422}, "budget": 0, "origin": "Random initial design."}
{"cpu_time": 7.538250923156738, "wallclock_time": 12.772011995315552, "evaluations": 266, "cost": 138.2533, "incumbent": {"N": 30, "c_0": 2, "p_c": 0.023756983039419494, "p_m": 0.5982616000569926}, "budget": 0, "origin": "Random initial design."}
{"cpu_time": 38.407370805740356, "wallclock_time": 199.3203887939453, "evaluations": 1232, "cost": 113.44, "incumbent": {"N": 34, "c_0": 2, "p_c": 0.48872818550506997, "p_m": 0.06473801061470824}, "budget": 0, "origin": "Local Search"}
{"cpu_time": 105.32297396659851, "wallclock_time": 1293.3691101074219, "evaluations": 4096, "cost": 110.3467, "incumbent": {"N": 35, "c_0": 1, "p_c": 0.6948840581326041, "p_m": 0.7375712049548143}, "budget": 0, "origin": "Local Search"}
