{"cpu_time": 0.0, "wallclock_time": 0.00631403923034668, "evaluations": 0, "cost": 2147483648.0, "incumbent": {"alpha": 9.680665588480524, "ants": 77, "beta": 7.459178911650364, "elitistants": 371, "localsearch": 1, "rho": 0.8682624044554927, "dlb": 0, "nnls": 43}, "budget": 0, "origin": "Random initial design."}
{"cpu_time": 0.22821974754333496, "wallclock_time": 0.261883020401001, "evaluations": 1, "cost": 0.0, "incumbent": {"alpha": 9.680665588480524, "ants": 77, "beta": 7.459178911650364, "elitistants": 371, "localsearch": 1, "rho": 0.8682624044554927, "dlb": 0, "nnls": 43}, "budget": 0, "origin": "Random initial design."}
