{"cpu_time": 0.0, "wallclock_time": 0.0016210079193115234, "evaluations": 0, "cost": 2147483648.0, "incumbent": {"N": 21, "c_0": 1, "p_c": 0.3510616264195509, "p_m": 0.43468874695304377}, "budget": 0, "origin": "Random initial design."}
{"cpu_time": 0.007490634918212891, "wallclock_time": 0.016069889068603516, "evaluations": 1, "cost": 0.0, "incumbent": {"N": 21, "c_0": 1, "p_c": 0.3510616264195509, "p_m": 0.43468874695304377}, "budget": 0, "origin": "Random initial design."}
