{"cpu_time": 0.0, "wallclock_time": 0.001547098159790039, "evaluations": 0, "cost": 2147483648.0, "incumbent": {"N": 28, "c_0": 2, "p_c": 0.96445873991632, "p_m": 0.9607582791832904}, "budget": 0, "origin": "Random initial design."}
{"cpu_time": 0.016955137252807617, "wallclock_time": 0.026245832443237305, "evaluations": 1, "cost": 165.0, "incumbent": {"N": 28, "c_0": 2, "p_c": 0.96445873991632, "p_m": 0.9607582791832904}, "budget": 0, "origin": "Random initial design."}
{"cpu_time": 0.04469037055969238, "wallclock_time": 0.06339097023010254, "evaluations": 4, "cost": 12.5, "incumbent": {"N": 36, "c_0": 1, "p_c": 0.13830320174315522, "p_m": 0.16095329105397604}, "budget": 0, "origin": "Random initial design."}
{"cpu_time": 0.5623495578765869, "wallclock_time": 0.6864991188049316, "evaluations": 30, "cost": 12.0, "incumbent": {"N": 2, "c_0": 2, "p_c": 0.11325667222298637, "p_m": 0.803346394475981}, "budget": 0, "origin": "Random initial design."}
{"cpu_time": 5.386864423751831, "wallclock_time": 8.684543132781982, "evaluations": 266, "cost": 155.2533, "incumbent": {"N": 24, "c_0": 2, "p_c": 0.1505195952895143, "p_m": 0.6324887368995362}, "budget": 0, "origin": "Random initial design."}
{"cpu_time": 9.629733324050903, "wallclock_time": 22.261291027069092, "evaluations": 466, "cost": 148.4933, "incumbent": {"N": 45, "c_0": 2, "p_c": 0.09841103908281226, "p_m": 0.3963939336569399}, "budget": 0, "origin": "Random initial design."}
{"cpu_time": 16.206802368164062, "wallclock_time": 43.72323799133301, "evaluations": 691, "cost": 135.8933, "incumbent": {"N": 16, "c_0": 1, "p_c": 0.13910296273474898, "p_m": 0.13123634068029824}, "budget": 0, "origin": "Local Search"}
{"cpu_time": 35.720409870147705, "wallclock_time": 206.05919694900513, "evaluations": 1457, "cost": 129.1733, "incumbent": {"N": 33, "c_0": 1, "p_c": 0.8629307629632591, "p_m": 0.3737784239198736}, "budget": 0, "origin": "Local Search"}
{"cpu_time": 63.63054037094116, "wallclock_time": 596.5822620391846, "evaluations": 2572, "cost": 122.44, "incumbent": {"N": 33, "c_0": 1, "p_c": 0.8569581676894068, "p_m": 0.37772192629777096}, "budget": 0, "origin": "Local Search"}
