{"cpu_time": 0.0, "wallclock_time": 0.0022439956665039062, "evaluations": 0, "cost": 2147483648.0, "incumbent": {"alpha": 8.728243927833365, "ants": 34, "beta": 4.391750665060046, "elitistants": 471, "localsearch": 1, "rho": 0.4264947556844051, "dlb": 0, "nnls": 16}, "budget": 0, "origin": "Random initial design."}
{"cpu_time": 5.023240804672241, "wallclock_time": 5.035156965255737, "evaluations": 1, "cost": 1.852, "incumbent": {"alpha": 8.728243927833365, "ants": 34, "beta": 4.391750665060046, "elitistants": 471, "localsearch": 1, "rho": 0.4264947556844051, "dlb": 0, "nnls": 16}, "budget": 0, "origin": "Random initial design."}
{"cpu_time": 10.048805713653564, "wallclock_time": 10.063474893569946, "evaluations": 2, "cost": 0.1112, "incumbent": {"alpha": 4.308614773826791, "ants": 89, "beta": 5.620957905198013, "elitistants": 98, "localsearch": 2, "rho": 0.12714851090868262, "dlb": 1, "nnls": 22}, "budget": 0, "origin": "Random initial design."}
{"cpu_time": 35.25386595726013, "wallclock_time": 35.284090757369995, "evaluations": 7, "cost": 0.0851, "incumbent": {"alpha": 4.475411278353516, "ants": 99, "beta": 8.764182052588758, "elitistants": 146, "localsearch": 1, "rho": 0.5176711143266162, "dlb": 1, "nnls": 27}, "budget": 0, "origin": "Random initial design."}
{"cpu_time": 121.45341038703918, "wallclock_time": 121.59397292137146, "evaluations": 24, "cost": 0.0196, "incumbent": {"alpha": 1.3891099176094368, "ants": 80, "beta": 6.726227115488518, "elitistants": 702, "localsearch": 1, "rho": 0.5000483483477519, "dlb": 1, "nnls": 11}, "budget": 0, "origin": "Random initial design."}
{"cpu_time": 409.01522064208984, "wallclock_time": 410.8629319667816, "evaluations": 81, "cost": 0.0131, "incumbent": {"alpha": 1.3971254361083796, "ants": 76, "beta": 5.992568465023505, "elitistants": 743, "localsearch": 2, "rho": 0.08781035490412725, "dlb": 0, "nnls": 11}, "budget": 0, "origin": "Local Search"}
{"cpu_time": 1064.5453720092773, "wallclock_time": 1129.7613508701324, "evaluations": 358, "cost": 0.2211, "incumbent": {"alpha": 1.4045713524900862, "ants": 99, "beta": 5.734097874568561, "elitistants": 406, "localsearch": 3, "rho": 0.841052284778007, "dlb": 0, "nnls": 17}, "budget": 0, "origin": "Local Search"}
{"cpu_time": 2366.3372967243195, "wallclock_time": 2515.0435898303986, "evaluations": 811, "cost": 0.1678, "incumbent": {"alpha": 1.4045713524900862, "ants": 86, "beta": 4.051575989660188, "elitistants": 382, "localsearch": 3, "rho": 0.8286515493751884, "dlb": 0, "nnls": 20}, "budget": 0, "origin": "Local Search"}
{"cpu_time": 3712.753876209259, "wallclock_time": 3942.827066898346, "evaluations": 1211, "cost": 0.1599, "incumbent": {"alpha": 1.4266135708661802, "ants": 98, "beta": 5.734097874568561, "elitistants": 438, "localsearch": 3, "rho": 0.8831646032652571, "dlb": 0, "nnls": 16}, "budget": 0, "origin": "Local Search"}
