{"cpu_time": 0.0, "wallclock_time": 0.0012371540069580078, "evaluations": 0, "cost": 2147483648.0, "incumbent": {"N": 21, "c_0": 1, "p_c": 0.3510616264195509, "p_m": 0.43468874695304377}, "budget": 0, "origin": "Random initial design."}
