{"cpu_time": 0.0, "wallclock_time": 0.004522085189819336, "evaluations": 0, "cost": 2147483648.0, "incumbent": ["N='28'", "c_0='2'", "p_c='0.49186501635523144'", "p_m='0.6335495866009813'"], "origin": "Random initial design."}
{"cpu_time": 0.024734020233154297, "wallclock_time": 0.060582876205444336, "evaluations": 1, "cost": 2.0, "incumbent": ["N='28'", "c_0='2'", "p_c='0.49186501635523144'", "p_m='0.6335495866009813'"], "origin": "Random initial design."}
{"cpu_time": 0.2726294994354248, "wallclock_time": 0.43259191513061523, "evaluations": 26, "cost": 4.0, "incumbent": ["N='11'", "c_0='2'", "p_c='0.8898051794889099'", "p_m='0.11061378972929495'"], "origin": "Random initial design."}
{"cpu_time": 0.5731797218322754, "wallclock_time": 0.9381749629974365, "evaluations": 46, "cost": 2.5, "incumbent": ["N='35'", "c_0='2'", "p_c='0.2304953567497804'", "p_m='0.015970176234317218'"], "origin": "Random initial design."}
{"cpu_time": 11.06156301498413, "wallclock_time": 18.576316833496094, "evaluations": 266, "cost": 170.6267, "incumbent": ["N='19'", "c_0='1'", "p_c='0.4343196342790496'", "p_m='0.7891639638155573'"], "origin": "Random initial design."}
{"cpu_time": 16.630608081817627, "wallclock_time": 38.91932010650635, "evaluations": 466, "cost": 89.1067, "incumbent": ["N='32'", "c_0='1'", "p_c='0.525260069993753'", "p_m='0.19097813442836697'"], "origin": "Random initial design."}
