{"cpu_time": 0.0, "wallclock_time": 0.0012660026550292969, "evaluations": 0, "cost": 2147483648.0, "incumbent": {"N": 36, "c_0": 1, "p_c": 0.9217514452885498, "p_m": 0.8967387430724463}, "budget": 0, "origin": "Random initial design."}
{"cpu_time": 0.009712934494018555, "wallclock_time": 0.018732070922851562, "evaluations": 1, "cost": 35.0, "incumbent": {"N": 36, "c_0": 1, "p_c": 0.9217514452885498, "p_m": 0.8967387430724463}, "budget": 0, "origin": "Random initial design."}
{"cpu_time": 0.060472965240478516, "wallclock_time": 0.07835793495178223, "evaluations": 4, "cost": 66.5, "incumbent": {"N": 24, "c_0": 1, "p_c": 0.06397391667852197, "p_m": 0.24971044229709402}, "budget": 0, "origin": "Random initial design."}
{"cpu_time": 0.0844719409942627, "wallclock_time": 0.10910797119140625, "evaluations": 6, "cost": 51.5, "incumbent": {"N": 43, "c_0": 2, "p_c": 0.05251417850018851, "p_m": 0.14853518781361988}, "budget": 0, "origin": "Random initial design."}
{"cpu_time": 0.1627795696258545, "wallclock_time": 0.20623016357421875, "evaluations": 12, "cost": 33.0, "incumbent": {"N": 6, "c_0": 1, "p_c": 0.9645536172703704, "p_m": 0.36961032492871815}, "budget": 0, "origin": "Random initial design."}
{"cpu_time": 0.425994873046875, "wallclock_time": 0.5470321178436279, "evaluations": 32, "cost": 26.0, "incumbent": {"N": 23, "c_0": 1, "p_c": 0.16923843115454332, "p_m": 0.27864639528882645}, "budget": 0, "origin": "Random initial design."}
{"cpu_time": 0.788346529006958, "wallclock_time": 1.002305030822754, "evaluations": 48, "cost": 1.5, "incumbent": {"N": 5, "c_0": 2, "p_c": 0.3171190025079399, "p_m": 0.9302296653362466}, "budget": 0, "origin": "Random initial design."}
{"cpu_time": 8.426640033721924, "wallclock_time": 14.527654886245728, "evaluations": 266, "cost": 126.48, "incumbent": {"N": 41, "c_0": 2, "p_c": 0.2203210318522597, "p_m": 0.8037061231161117}, "budget": 0, "origin": "Random initial design."}
{"cpu_time": 67.54284691810608, "wallclock_time": 598.4002418518066, "evaluations": 2429, "cost": 123.4533, "incumbent": {"N": 1, "c_0": 1, "p_c": 0.676132706079785, "p_m": 0.788855835852402}, "budget": 0, "origin": "Local Search"}
{"cpu_time": 97.1569094657898, "wallclock_time": 1234.8470118045807, "evaluations": 3538, "cost": 117.9733, "incumbent": {"N": 1, "c_0": 1, "p_c": 0.6645036294601449, "p_m": 0.7769120878429437}, "budget": 0, "origin": "Local Search"}
