{"cpu_time": 0.0, "wallclock_time": 0.01193094253540039, "evaluations": 0, "cost": 2147483648.0, "incumbent": ["alpha='4.6909356296798235'", "ants='50'", "beta='9.660321509942506'", "elitistants='620'", "localsearch='1'", "rho='0.9307106389687687'", "dlb='1'", "nnls='35'"], "origin": "Random initial design."}
{"cpu_time": 3.4998979568481445, "wallclock_time": 3.539306879043579, "evaluations": 1, "cost": 0.0, "incumbent": ["alpha='4.6909356296798235'", "ants='50'", "beta='9.660321509942506'", "elitistants='620'", "localsearch='1'", "rho='0.9307106389687687'", "dlb='1'", "nnls='35'"], "origin": "Random initial design."}
{"cpu_time": 276.85906314849854, "wallclock_time": 277.89854288101196, "evaluations": 88, "cost": 0.2758, "incumbent": ["alpha='2.602755265564576'", "ants='95'", "beta='7.1771963522508'", "elitistants='218'", "localsearch='3'", "rho='0.6445382583855153'", "dlb='0'", "nnls='32'"], "origin": "Random initial design."}
{"cpu_time": 630.6015346050262, "wallclock_time": 634.0048668384552, "evaluations": 196, "cost": 0.2614, "incumbent": ["alpha='3.237938663747991'", "ants='100'", "beta='3.1558065948236598'", "elitistants='252'", "localsearch='3'", "rho='0.35121293846311885'", "dlb='0'", "nnls='44'"], "origin": "Random initial design."}
{"cpu_time": 1207.0186762809753, "wallclock_time": 1216.7705490589142, "evaluations": 364, "cost": 0.2417, "incumbent": ["alpha='2.64403740244762'", "ants='60'", "beta='9.454932730031611'", "elitistants='600'", "localsearch='3'", "rho='0.6725733526882626'", "dlb='1'", "nnls='39'"], "origin": "Random initial design."}
{"cpu_time": 1869.6169121265411, "wallclock_time": 1893.0225059986115, "evaluations": 580, "cost": 0.2054, "incumbent": ["alpha='3.8503676882171334'", "ants='72'", "beta='9.79727625737619'", "elitistants='127'", "localsearch='3'", "rho='0.9137451111919558'", "dlb='1'", "nnls='29'"], "origin": "Random initial design."}
{"cpu_time": 2457.902464866638, "wallclock_time": 2518.585466861725, "evaluations": 768, "cost": 0.1965, "incumbent": ["alpha='1.3397367646997158'", "ants='81'", "beta='1.2674791277823427'", "elitistants='348'", "localsearch='2'", "rho='0.5380130144788803'", "dlb='0'", "nnls='17'"], "origin": "Random Search (sorted)"}
{"cpu_time": 2633.907143354416, "wallclock_time": 2734.960632801056, "evaluations": 836, "cost": 0.1685, "incumbent": ["alpha='1.025570050576051'", "ants='30'", "beta='1.9484924435528148'", "elitistants='379'", "localsearch='3'", "rho='0.3294451313822462'", "dlb='1'", "nnls='33'"], "origin": "Random Search (sorted)"}
