{"cpu_time": 0.0, "wallclock_time": 0.003058910369873047, "evaluations": 0, "cost": 2147483648.0, "incumbent": {"alpha": 8.373444239506172, "ants": 19, "beta": 4.795027157524783, "elitistants": 538, "localsearch": 2, "rho": 0.3777989171145002, "dlb": 0, "nnls": 25}, "budget": 0, "origin": "Random initial design."}
{"cpu_time": 0.1247551441192627, "wallclock_time": 0.1415390968322754, "evaluations": 1, "cost": 0.0, "incumbent": {"alpha": 8.373444239506172, "ants": 19, "beta": 4.795027157524783, "elitistants": 538, "localsearch": 2, "rho": 0.3777989171145002, "dlb": 0, "nnls": 25}, "budget": 0, "origin": "Random initial design."}
